{
 "sourceCodeFileId": "6087bf5f-337d-4875-a523-b32c0929fd3e",
 "sourceType": "volume_upload",
 "files": [
  {
   "fileId": "1",
   "fileName": "basic",
   "type": "DIRECTORY",
   "depth": "0",
   "parentPath": null,
   "filePath": "/home/parallels/basic",
   "relativePath": "/",
   "version": "0",
   "checksum": "0",
   "fileSize": "0",
   "noOfLines": "0"
  },
  {
   "fileId": "2",
   "fileName": "msf.c",
   "type": "FILE",
   "depth": "1",
   "parentPath": "/",
   "filePath": "/home/parallels/basic/msf.c",
   "relativePath": "msf.c",
   "version": "1566273855034135047",
   "checksum": "2677453824",
   "fileSize": "350",
   "noOfLines": "24"
  },
  {
   "fileId": "3",
   "fileName": "uiv.c",
   "type": "FILE",
   "depth": "1",
   "parentPath": "/",
   "filePath": "/home/parallels/basic/uiv.c",
   "relativePath": "uiv.c",
   "version": "1566273855034135047",
   "checksum": "4204381654",
   "fileSize": "210",
   "noOfLines": "14"
  },
  {
   "fileId": "4",
   "fileName": "npd.c",
   "type": "FILE",
   "depth": "1",
   "parentPath": "/",
   "filePath": "/home/parallels/basic/npd.c",
   "relativePath": "npd.c",
   "version": "1566273855034135047",
   "checksum": "1339120800",
   "fileSize": "314",
   "noOfLines": "16"
  },
  {
   "fileId": "5",
   "fileName": "aob.c",
   "type": "FILE",
   "depth": "1",
   "parentPath": "/",
   "filePath": "/home/parallels/basic/aob.c",
   "relativePath": "aob.c",
   "version": "1588137341105399801",
   "checksum": "2955801655",
   "fileSize": "400",
   "noOfLines": "17"
  },
  {
   "fileId": "6",
   "fileName": "dbf.c",
   "type": "FILE",
   "depth": "1",
   "parentPath": "/",
   "filePath": "/home/parallels/basic/dbf.c",
   "relativePath": "dbf.c",
   "version": "1566273855034135047",
   "checksum": "1085387323",
   "fileSize": "433",
   "noOfLines": "29"
  },
  {
   "fileId": "7",
   "fileName": "uaf.c",
   "type": "FILE",
   "depth": "1",
   "parentPath": "/",
   "filePath": "/home/parallels/basic/uaf.c",
   "relativePath": "uaf.c",
   "version": "1566273855034135047",
   "checksum": "3053538604",
   "fileSize": "431",
   "noOfLines": "26"
  }
 ],
 "gitUrl": "",
 "osType": "linux",
 "numberOfFiles": "6",
 "numberOfDirs": "1",
 "totalLineNum": "126",
 "numberOfFilesWithoutPermission": "0"
}